id,mutation,triplet,from_allele,to_allele
64,G[T>A]T,GTT,T,A
82,T[C>T]C,TCC,C,T
83,T[C>T]G,TCG,C,T
79,T[C>G]G,TCG,C,G
77,T[C>G]A,TCA,C,G
73,T[C>A]A,TCA,C,A
74,T[C>A]C,TCC,C,A
75,T[C>A]G,TCG,C,A
76,T[C>A]T,TCT,C,A
95,T[T>G]G,TTG,T,G
21,A[T>G]A,ATA,T,G
22,A[T>G]C,ATC,T,G
23,A[T>G]G,ATG,T,G
24,A[T>G]T,ATT,T,G
29,C[C>G]A,CCA,C,G
30,C[C>G]C,CCC,C,G
31,C[C>G]G,CCG,C,G
41,C[T>C]A,CTA,T,C
42,C[T>C]C,CTC,T,C
43,C[T>C]G,CTG,T,C
5,A[C>G]A,ACA,C,G
6,A[C>G]C,ACC,C,G
7,A[C>G]G,ACG,C,G
8,A[C>G]T,ACT,C,G
48,C[T>G]T,CTT,T,G
92,T[T>C]T,TTT,T,C
89,T[T>C]A,TTA,T,C
90,T[T>C]C,TTC,T,C
91,T[T>C]G,TTG,T,C
53,G[C>G]A,GCA,C,G
54,G[C>G]C,GCC,C,G
55,G[C>G]G,GCG,C,G
56,G[C>G]T,GCT,C,G
65,G[T>C]A,GTA,T,C
66,G[T>C]C,GTC,T,C
67,G[T>C]G,GTG,T,C
68,G[T>C]T,GTT,T,C
32,C[C>G]T,CCT,C,G
44,C[T>C]T,CTT,T,C
81,T[C>T]A,TCA,C,T
45,C[T>G]A,CTA,T,G
16,A[T>A]T,ATT,T,A
47,C[T>G]G,CTG,T,G
80,T[C>G]T,TCT,C,G
85,T[T>A]A,TTA,T,A
25,C[C>A]A,CCA,C,A
26,C[C>A]C,CCC,C,A
27,C[C>A]G,CCG,C,A
28,C[C>A]T,CCT,C,A
93,T[T>G]A,TTA,T,G
94,T[T>G]C,TTC,T,G
1,A[C>A]A,ACA,C,A
2,A[C>A]C,ACC,C,A
3,A[C>A]G,ACG,C,A
4,A[C>A]T,ACT,C,A
84,T[C>T]T,TCT,C,T
69,G[T>G]A,GTA,T,G
70,G[T>G]C,GTC,T,G
71,G[T>G]G,GTG,T,G
72,G[T>G]T,GTT,T,G
86,T[T>A]C,TTC,T,A
13,A[T>A]A,ATA,T,A
14,A[T>A]C,ATC,T,A
15,A[T>A]G,ATG,T,A
78,T[C>G]C,TCC,C,G
49,G[C>A]A,GCA,C,A
50,G[C>A]C,GCC,C,A
51,G[C>A]G,GCG,C,A
52,G[C>A]T,GCT,C,A
35,C[C>T]G,CCG,C,T
34,C[C>T]C,CCC,C,T
9,A[C>T]A,ACA,C,T
10,A[C>T]C,ACC,C,T
11,A[C>T]G,ACG,C,T
12,A[C>T]T,ACT,C,T
61,G[T>A]A,GTA,T,A
59,G[C>T]G,GCG,C,T
63,G[T>A]G,GTG,T,A
96,T[T>G]T,TTT,T,G
33,C[C>T]A,CCA,C,T
37,C[T>A]A,CTA,T,A
38,C[T>A]C,CTC,T,A
39,C[T>A]G,CTG,T,A
57,G[C>T]A,GCA,C,T
58,G[C>T]C,GCC,C,T
40,C[T>A]T,CTT,T,A
60,G[C>T]T,GCT,C,T
17,A[T>C]A,ATA,T,C
18,A[T>C]C,ATC,T,C
19,A[T>C]G,ATG,T,C
20,A[T>C]T,ATT,T,C
36,C[C>T]T,CCT,C,T
46,C[T>G]C,CTC,T,G
62,G[T>A]C,GTC,T,A
87,T[T>A]G,TTG,T,A
88,T[T>A]T,TTT,T,A
