id,mutation
64,A[A>T]C
64,G[T>A]T
82,G[G>A]A
82,T[C>T]C
83,C[G>A]A
83,T[C>T]G
79,C[G>C]A
79,T[C>G]G
77,T[G>C]A
77,T[C>G]A
73,T[G>T]A
73,T[C>A]A
74,G[G>T]A
74,T[C>A]C
75,C[G>T]A
75,T[C>A]G
76,A[G>T]A
76,T[C>A]T
95,C[A>C]A
95,T[T>G]G
21,T[A>C]T
21,A[T>G]A
22,G[A>C]T
22,A[T>G]C
23,C[A>C]T
23,A[T>G]G
24,A[A>C]T
24,A[T>G]T
29,T[G>C]G
29,C[C>G]A
30,G[G>C]G
30,C[C>G]C
31,C[G>C]G
31,C[C>G]G
41,T[A>G]G
41,C[T>C]A
42,G[A>G]G
42,C[T>C]C
43,C[A>G]G
43,C[T>C]G
5,T[G>C]T
5,A[C>G]A
6,G[G>C]T
6,A[C>G]C
7,C[G>C]T
7,A[C>G]G
8,A[G>C]T
8,A[C>G]T
48,A[A>C]G
48,C[T>G]T
92,A[A>G]A
92,T[T>C]T
89,T[A>G]A
89,T[T>C]A
90,G[A>G]A
90,T[T>C]C
91,C[A>G]A
91,T[T>C]G
53,T[G>C]C
53,G[C>G]A
54,G[G>C]C
54,G[C>G]C
55,C[G>C]C
55,G[C>G]G
56,A[G>C]C
56,G[C>G]T
65,T[A>G]C
65,G[T>C]A
66,G[A>G]C
66,G[T>C]C
67,C[A>G]C
67,G[T>C]G
68,A[A>G]C
68,G[T>C]T
32,A[G>C]G
32,C[C>G]T
44,A[A>G]G
44,C[T>C]T
81,T[G>A]A
81,T[C>T]A
45,T[A>C]G
45,C[T>G]A
16,A[A>T]T
16,A[T>A]T
47,C[A>C]G
47,C[T>G]G
80,A[G>C]A
80,T[C>G]T
85,T[A>T]A
85,T[T>A]A
25,T[G>T]G
25,C[C>A]A
26,G[G>T]G
26,C[C>A]C
27,C[G>T]G
27,C[C>A]G
28,A[G>T]G
28,C[C>A]T
93,T[A>C]A
93,T[T>G]A
94,G[A>C]A
94,T[T>G]C
1,T[G>T]T
1,A[C>A]A
2,G[G>T]T
2,A[C>A]C
3,C[G>T]T
3,A[C>A]G
4,A[G>T]T
4,A[C>A]T
84,A[G>A]A
84,T[C>T]T
69,T[A>C]C
69,G[T>G]A
70,G[A>C]C
70,G[T>G]C
71,C[A>C]C
71,G[T>G]G
72,A[A>C]C
72,G[T>G]T
86,G[A>T]A
86,T[T>A]C
13,T[A>T]T
13,A[T>A]A
14,G[A>T]T
14,A[T>A]C
15,C[A>T]T
15,A[T>A]G
78,G[G>C]A
78,T[C>G]C
49,T[G>T]C
49,G[C>A]A
50,G[G>T]C
50,G[C>A]C
51,C[G>T]C
51,G[C>A]G
52,A[G>T]C
52,G[C>A]T
35,C[G>A]G
35,C[C>T]G
34,G[G>A]G
34,C[C>T]C
9,T[G>A]T
9,A[C>T]A
10,G[G>A]T
10,A[C>T]C
11,C[G>A]T
11,A[C>T]G
12,A[G>A]T
12,A[C>T]T
61,T[A>T]C
61,G[T>A]A
59,C[G>A]C
59,G[C>T]G
63,C[A>T]C
63,G[T>A]G
96,A[A>C]A
96,T[T>G]T
33,T[G>A]G
33,C[C>T]A
37,T[A>T]G
37,C[T>A]A
38,G[A>T]G
38,C[T>A]C
39,C[A>T]G
39,C[T>A]G
57,T[G>A]C
57,G[C>T]A
58,G[G>A]C
58,G[C>T]C
40,A[A>T]G
40,C[T>A]T
60,A[G>A]C
60,G[C>T]T
17,T[A>G]T
17,A[T>C]A
18,G[A>G]T
18,A[T>C]C
19,C[A>G]T
19,A[T>C]G
20,A[A>G]T
20,A[T>C]T
36,A[G>A]G
36,C[C>T]T
46,G[A>C]G
46,C[T>G]C
62,G[A>T]C
62,G[T>A]C
87,C[A>T]A
87,T[T>A]G
88,A[A>T]A
88,T[T>A]T
