id,name,description,count,preloaded,expiration,expired,avg_length,max_length
4,elk4_hela_s3,"Transcription factor binding sites for the HELA-S3 cell line: <a target=""_blank"" href=""https://www.encodeproject.org/experiments/ENCSR000EVB/"">https://www.encodeproject.org/experiments/ENCSR000EVB/</a>.",5430,true,,false,9,9
2,ctcf_h1,"Transcription factor binding sites for the H1-hESC cell line: <a target=""_blank"" href=""https://www.encodeproject.org/experiments/ENCSR000AMF/"">https://www.encodeproject.org/experiments/ENCSR000AMF/</a>.",43290,true,,false,19,19
5,ets1_gm12878,"Transcription factor binding sites for the GM12878 cell line: <a  target=""_blank"" href=""https://www.encodeproject.org/experiments/ENCSR000BKA/"">https://www.encodeproject.org/experiments/ENCSR000BKA/</a>.",697686,true,,false,6,6
3,elf1_gm12878,"Transcription factor binding sites for the GM12878 cell line: <a target=""_blank""  href=""https://www.encodeproject.org/experiments/ENCSR841NDX/"">https://www.encodeproject.org/experiments/ENCSR841NDX/</a>.",60250,true,,false,13,13
8,stat3_gm12878,"Transcription factor binding sites for the GM12878 cell line: <a target=""_blank"" href=""https://www.encodeproject.org/experiments/ENCSR000DZV/"">https://www.encodeproject.org/experiments/ENCSR000DZV/</a>.",105091,true,,false,11,11
6,gabpa_h1,"Transcription factor binding sites for the H1-hESC cell line: <a target=""_blank"" href=""https://www.encodeproject.org/experiments/ENCSR000BIW/"">https://www.encodeproject.org/experiments/ENCSR000BIW/</a>.",40165,true,,false,10,10
10,znf143_h1,"Transcription factor binding sites for the H1-hESC cellline: <a target=""_blank"" href=""https://www.encodeproject.org/experiments/ENCSR000EBW/"">https://www.encodeproject.org/experiments/ENCSR000EBW/</a>.
",2605,true,,false,16,16
