tumor_type_id,tumor_type,description,mutation_count,attributes,donor_count,wgs,wxs
121,PACA-WXS,Prostate Adenocarcinoma ,11401,"donor_sex,donor_vital_status,donor_age_at_diagnosis,donor_tumour_stage_at_diagnosis,prior_malignancy,cancer_history_first_degree_relative,id",231,false,true
122,PRAD-WXS,Prostate Adenocarcinoma ,14192,"donor_sex,donor_vital_status,donor_age_at_diagnosis,prior_malignancy,cancer_history_first_degree_relative,id",256,false,true
116,KIRK-WXS,Kidney Renal Clear Cell Carcinoma ,25118,"donor_sex,donor_vital_status,donor_age_at_diagnosis,prior_malignancy,cancer_history_first_degree_relative,id",350,false,true
117,LAML-WXS,Acute Myeloid Leukemia ,156087,"donor_sex,donor_vital_status,donor_age_at_diagnosis,prior_malignancy,cancer_history_first_degree_relative,tobacco_smoking_history_indicator,alcohol_history,alcohol_history_intensity,first_therapy_type,first_therapy_duration,first_therapy_response,id",255,false,true
119,LUAD-WXS,Lung Adenocarcinoma ,189611,"donor_sex,donor_vital_status,donor_age_at_diagnosis,prior_malignancy,cancer_history_first_degree_relative,id",515,false,true
102,BRCA-WXS,TCGA Breast Cancer ,111065,"donor_sex,donor_vital_status,donor_age_at_diagnosis,prior_malignancy,cancer_history_first_degree_relative,id",1015,false,true
108,STAD-WXS,TCGA Stomach adenocarcinoma ,186097,"donor_sex,donor_vital_status,donor_age_at_diagnosis,prior_malignancy,cancer_history_first_degree_relative,id",439,false,true
103,COAD-WXS,TCGA Colon Adenocarcinoma ,214983,"donor_sex,donor_vital_status,donor_age_at_diagnosis,prior_malignancy,cancer_history_first_degree_relative,id",397,false,true
10,HNSC,Head and Neck Squamous Cell Carcinoma ,7673,"donor_sex,donor_vital_status,donor_age_at_diagnosis,prior_malignancy,cancer_history_first_degree_relative,id",44,true,false
8,ESAD,Esophageal Adenocarcinoma ,9560575,"donor_sex,donor_vital_status,donor_age_at_diagnosis,donor_tumour_stage_at_diagnosis,prior_malignancy,cancer_history_first_degree_relative,tobacco_smoking_history_indicator,tobacco_smoking_intensity,alcohol_history,alcohol_history_intensity,first_therapy_type,first_therapy_duration,first_therapy_response,id",301,true,false
4,BTCA,Biliary tract cancer ,326876,"donor_sex,donor_vital_status,donor_age_at_diagnosis,donor_tumour_stage_at_diagnosis,prior_malignancy,cancer_history_first_degree_relative,id",71,true,false
6,COCA,Colorectal Cancer ,275798,"donor_sex,donor_vital_status,donor_age_at_diagnosis,donor_tumour_stage_at_diagnosis,prior_malignancy,cancer_history_first_degree_relative,id",26,true,false
26,UTCA,Uterine Cancer ,271826,"donor_sex,donor_vital_status,donor_age_at_diagnosis,prior_malignancy,cancer_history_first_degree_relative,id",20,true,false
22,SKCA,Skin Adenocarcinoma ,7235258,"donor_sex,donor_vital_status,donor_age_at_diagnosis,donor_tumour_stage_at_diagnosis,prior_malignancy,cancer_history_first_degree_relative,exposure_type,exposure_intensity,tobacco_smoking_history_indicator,tobacco_smoking_intensity,alcohol_history,alcohol_history_intensity,first_therapy_type,first_therapy_duration,first_therapy_response,id",100,true,false
17,MELA,Skin Cancer ,21934044,"donor_sex,donor_vital_status,donor_age_at_diagnosis,donor_tumour_stage_at_diagnosis,prior_malignancy,cancer_history_first_degree_relative,exposure_type,exposure_intensity,tobacco_smoking_history_indicator,alcohol_history,alcohol_history_intensity,first_therapy_type,first_therapy_duration,first_therapy_response,id",183,true,false
20,PRAD,Prostate Adenocarcinoma ,633001,"donor_sex,donor_vital_status,donor_age_at_diagnosis,donor_tumour_stage_at_diagnosis,prior_malignancy,cancer_history_first_degree_relative,tobacco_smoking_history_indicator,alcohol_history,alcohol_history_intensity,first_therapy_type,id",255,true,false
24,STAD,Gastric Adenocarcinoma ,16808,"donor_sex,donor_vital_status,donor_age_at_diagnosis,prior_malignancy,cancer_history_first_degree_relative,id",38,true,false
16,MALY,Malignant Lymphoma ,2800949,"donor_sex,donor_vital_status,donor_age_at_diagnosis,donor_tumour_stage_at_diagnosis,prior_malignancy,cancer_history_first_degree_relative,tobacco_smoking_history_indicator,alcohol_history,alcohol_history_intensity,first_therapy_type,first_therapy_duration,first_therapy_response,id",241,true,false
11,KIRC,Kidney Renal Clear Cell Carcinoma ,2239,"donor_sex,donor_vital_status,donor_age_at_diagnosis,prior_malignancy,cancer_history_first_degree_relative,id",37,true,false
18,OV,Ovarian Serous Cystadenocarcinoma ,952825,"donor_sex,donor_vital_status,donor_age_at_diagnosis,donor_tumour_stage_at_diagnosis,prior_malignancy,cancer_history_first_degree_relative,id",93,true,false
21,RECA,Renal Cell Cancer ,658156,"donor_sex,donor_vital_status,donor_age_at_diagnosis,donor_tumour_stage_at_diagnosis,prior_malignancy,cancer_history_first_degree_relative,id",95,true,false
25,UCEC,Uterine Corpus Endometrial Carcinoma,31475,"donor_sex,donor_vital_status,donor_age_at_diagnosis,prior_malignancy,cancer_history_first_degree_relative,id",51,true,false
13,LIRI,Liver Cancer ,3388062,"donor_sex,donor_vital_status,donor_age_at_diagnosis,donor_tumour_stage_at_diagnosis,prior_malignancy,cancer_history_first_degree_relative,id",258,true,false
7,EOPC,Early Onset Prostate Cancer ,475056,"donor_sex,donor_vital_status,donor_age_at_diagnosis,donor_tumour_stage_at_diagnosis,prior_malignancy,cancer_history_first_degree_relative,tobacco_smoking_history_indicator,alcohol_history,alcohol_history_intensity,first_therapy_type,first_therapy_duration,first_therapy_response,id",202,true,false
14,LUAD,Lung Adenocarcinoma ,11294,"donor_sex,donor_vital_status,donor_age_at_diagnosis,prior_malignancy,cancer_history_first_degree_relative,id",38,true,false
23,SKCM,Skin Cutaneous melanoma ,35078,"donor_sex,donor_vital_status,donor_age_at_diagnosis,prior_malignancy,cancer_history_first_degree_relative,id",37,true,false
1,BLCA,Bladder Urothelial Cancer ,6073,"donor_sex,donor_vital_status,donor_age_at_diagnosis,prior_malignancy,cancer_history_first_degree_relative,id",23,true,false
2,BOCA,Bone Cancer ,222177,"donor_sex,donor_vital_status,donor_age_at_diagnosis,donor_tumour_stage_at_diagnosis,prior_malignancy,cancer_history_first_degree_relative,id",162,true,false
118,LIHC,TCGA Liver hepatocellular carcinoma ,5452,"donor_sex,donor_vital_status,donor_age_at_diagnosis,prior_malignancy,cancer_history_first_degree_relative,id",54,true,false
5,COAD,Colon Adenocarcinoma ,51261,"donor_sex,donor_vital_status,donor_age_at_diagnosis,prior_malignancy,cancer_history_first_degree_relative,id",44,true,false
109,UCEC-WXS,TCGA Uterine Corpus Endometrial Carcinoma ,829136,"donor_sex,donor_vital_status,donor_age_at_diagnosis,prior_malignancy,cancer_history_first_degree_relative,id",530,false,true
107,SKCM-WXS,TCGA Skin Cutaneous Melanoma ,522563,"donor_sex,donor_vital_status,donor_age_at_diagnosis,prior_malignancy,cancer_history_first_degree_relative,id",466,false,true
105,LIHC-WXS,TCGA Liver hepatocellular carcinoma ,52551,"donor_sex,donor_vital_status,donor_age_at_diagnosis,prior_malignancy,cancer_history_first_degree_relative,id",362,false,true
19,PACA,Pancreatic Ductal adenocarcinoma ,1164426,"donor_sex,donor_vital_status,donor_age_at_diagnosis,donor_tumour_stage_at_diagnosis,prior_malignancy,cancer_history_first_degree_relative,id",234,true,false
3,BRCA,Breast Cancer ,3958616,"donor_sex,donor_vital_status,donor_age_at_diagnosis,donor_tumour_stage_at_diagnosis,prior_malignancy,cancer_history_first_degree_relative,exposure_type,tobacco_smoking_history_indicator,tobacco_smoking_intensity,alcohol_history,alcohol_history_intensity,first_therapy_type,first_therapy_duration,first_therapy_response,id",732,true,false
15,LUSC,Lung Squamous Cell Carcinoma ,1656612,"donor_sex,donor_vital_status,donor_age_at_diagnosis,prior_malignancy,cancer_history_first_degree_relative,tobacco_smoking_history_indicator,alcohol_history,alcohol_history_intensity,first_therapy_type,first_therapy_response,id",78,true,false
104,HNSC-WXS,TCGA Head and Neck Squamous Cell Carcinoma ,105218,"donor_sex,donor_vital_status,donor_age_at_diagnosis,prior_malignancy,cancer_history_first_degree_relative,id",507,false,true
101,BLCA-WXS,TCGA Bladder Urothelial Cancer ,142543,"donor_sex,donor_vital_status,donor_age_at_diagnosis,prior_malignancy,cancer_history_first_degree_relative,id",411,false,true
110,BOCA-WXS,Bone Cancer,1313,"donor_sex,donor_vital_status,donor_age_at_diagnosis,id",65,false,true
111,BTCA-WXS,Biliary tract cancer ,57754,"donor_sex,donor_vital_status,donor_age_at_diagnosis,donor_tumour_stage_at_diagnosis,prior_malignancy,cancer_history_first_degree_relative,id",239,false,true
112,COCA-WXS,Colorectal Cancer ,155811,"donor_sex,donor_vital_status,donor_age_at_diagnosis,donor_tumour_stage_at_diagnosis,prior_malignancy,cancer_history_first_degree_relative,id",161,false,true
115,GACA-WXS,Gastric Cancer ,345614,"donor_sex,donor_vital_status,donor_age_at_diagnosis,donor_tumour_stage_at_diagnosis,prior_malignancy,cancer_history_first_degree_relative,id",594,false,true
120,LUSC-WXS,Lung Squamous Cell Carcinoma ,516503,"donor_sex,donor_vital_status,donor_age_at_diagnosis,prior_malignancy,cancer_history_first_degree_relative,id",625,false,true
12,LAML,Acute Myeloid Leukemia ,12102,"donor_sex,donor_vital_status,donor_age_at_diagnosis,prior_malignancy,cancer_history_first_degree_relative,tobacco_smoking_history_indicator,alcohol_history,alcohol_history_intensity,first_therapy_type,first_therapy_duration,first_therapy_response,id",8,true,false
9,GACA,Gastric Cancer ,458336,"donor_sex,donor_vital_status,donor_age_at_diagnosis,donor_tumour_stage_at_diagnosis,id",37,true,false
